{
"lengthUnit": "mil",
"components": {
	"fields": ["COMPONENT_NO", "COMPONENT_NAME", "LAYER", "X_COORDINATE", "Y_COORDINATE", "ANGLE"],
	"rows": [
		[1, "3v3", "B", 4275, 2110, 270],
		[2, "5v1", "B", 3845, 2110, 270],
		[3, "Boot", "B", 6090, 2165.35, 270],
		[4, "BUZZER", "B", 6141.73, 472.44, 180],
		[5, "C1", "B", 4143.86, 1815, 0],
		[6, "C6", "B", 3885, 1815, 0],
		[7, "C7", "B", 3715, 1740, 180],
		[8, "C8", "B", 3715, 1815, 180],
		[9, "C9", "B", 7300, 1900, 90],
		[10, "C10", "B", 4315, 1815, 0],
		[11, "C11", "B", 3885.87, 1740, 0],
		[12, "C12", "B", 4143.86, 1740, 0],
		[13, "C13", "B", 4315, 1740, 0],
		[14, "C14", "B", 340, 1275, 270],
		[15, "C15", "B", 2965, 1935, 270],
		[16, "D6", "B", 7485, 1540, 90],
		[17, "D7", "B", 3915, 1620, 180],
		[18, "D14", "B", 3315, 2215, 90],
		[19, "ESD", "B", 7485, 1732.28, 270],
		[20, "ESP32-S3", "B", 6810, 1700, 180],
		[21, "GMT028-03", "T", 4173.23, 1181.1, 90],
		[22, "K1", "B", 1385, 280, 180],
		[23, "LED", "B", 6825, 1120, 90],
		[24, "Menu", "T", 5118.11, 1181.1, 0],
		[25, "NTC", "B", 7705, 1115, 90],
		[26, "PJ1", "B", 7585, 720, 180],
		[27, "PW", "B", 6995, 1120, 90],
		[28, "Q1", "B", 6165, 775, 90],
		[29, "R1", "B", 7637.8, 1481.06, 0],
		[30, "R2", "B", 7637.8, 1975, 0],
		[31, "R3", "B", 7390, 1910, 90],
		[32, "R4", "B", 6165, 900, 0],
		[33, "R5", "B", 7510, 1155, 0],
		[34, "R6", "B", 7439.25, 390, 0],
		[35, "R7", "B", 3905, 710, 180],
		[36, "R10", "B", 6709.88, 177.36, 90],
		[37, "R11", "B", 6910, 175, 90],
		[38, "R18", "B", 7085, 1105, 90],
		[39, "R19", "B", 6730, 1105, 90],
		[40, "R20", "B", 1338.58, 748.03, 0],
		[41, "R21", "B", 3315, 2055, 90],
		[42, "R23", "B", 1960, 130, 0],
		[43, "R24", "B", 2435, 370, 270],
		[44, "RE", "T", 6811.02, 590.55, 0],
		[45, "Reset", "B", 7360, 2165.35, 270],
		[46, "SCREW1", "T", 118.11, 118.11, 0],
		[47, "SCREW2", "T", 118.11, 2244.09, 0],
		[48, "SCREW3", "T", 7755.91, 118.11, 0],
		[49, "SCREW4", "T", 7755.91, 2244.09, 0],
		[50, "SSR", "B", 2000, 330, 90],
		[51, "T1", "B", 3905, 845, 270],
		[52, "T2", "B", 2285, 370, 0],
		[53, "U3", "B", 1625, 1645, 0],
		[54, "U4", "B", 570, 748.03, 0],
		[55, "U7", "B", 236.22, 1771.65, 90],
		[56, "U8", "B", 600, 240, 180],
		[57, "USB", "B", 7730, 1732.28, 270],
		[58, "VIN", "B", 3505, 2280, 0],
		[59, "PAD1", "T", 6990, 1270, 0],
		[60, "PAD1", "B", 6990, 1270, 0],
		[61, "PAD2", "T", 7225, 1900, 0],
		[62, "PAD2", "B", 7225, 1900, 0],
		[63, "PAD3", "T", 6390, 1800, 0],
		[64, "PAD3", "B", 6390, 1800, 0],
		[65, "PAD4", "T", 6320, 1845, 0],
		[66, "PAD4", "B", 6320, 1845, 0],
		[67, "PAD5", "T", 6320, 1920, 0],
		[68, "PAD5", "B", 6320, 1920, 0],
		[69, "PAD6", "T", 6390, 1950, 0],
		[70, "PAD6", "B", 6390, 1950, 0],
		[71, "PAD7", "T", 6390, 2025, 0],
		[72, "PAD7", "B", 6390, 2025, 0],
		[73, "PAD8", "T", 6355, 1104.88, 0],
		[74, "PAD8", "B", 6355, 1104.88, 0],
		[75, "PAD9", "T", 3065, 400, 0],
		[76, "PAD9", "B", 3065, 400, 0]
	]
},
"pins": {
	"fields": ["PIN_NO", "PIN_NAME", "PIN_X", "PIN_Y", "LAYER", "PIN_TYPE", "NET_NAME", "NET_TYPE", "PAD_SHAPE", "PAD_SIZEX", "PAD_SIZEY", "HOLE_SIZE", "PAD_ANGLE"],
	"rows": [
		[1, "3v3_1", 4365.55, 1993.07, "B", "SMD", "GND", "GND", "R", 98.42, 43.31, 0, 270],
		[2, "3v3_2", 4275, 1993.07, "B", "SMD", "+3.3V", "", "R", 98.42, 43.31, 0, 270],
		[3, "3v3_3", 4184.45, 1993.07, "B", "SMD", "+5V", "", "R", 98.42, 43.31, 0, 270],
		[4, "3v3_4", 4275, 2226.93, "B", "SMD", "+3.3V", "", "R", 92.13, 141.73, 0, 270],
		[5, "5v1_1", 3935.55, 1993.07, "B", "SMD", "GND", "GND", "R", 98.42, 43.31, 0, 270],
		[6, "5v1_2", 3845, 1993.07, "B", "SMD", "$2N3793", "", "R", 98.42, 43.31, 0, 270],
		[7, "5v1_3", 3754.45, 1993.07, "B", "SMD", "+9V", "", "R", 98.42, 43.31, 0, 270],
		[8, "5v1_4", 3845, 2226.93, "B", "SMD", "$2N3793", "", "R", 92.13, 141.73, 0, 270],
		[9, "Boot_1", 6017.16, 2287.4, "B", "SMD", "GND", "GND", "R", 70.87, 43.31, 0, 270],
		[10, "Boot_2", 6017.16, 2043.3, "B", "SMD", "GND", "GND", "R", 70.87, 43.31, 0, 270],
		[11, "Boot_3", 6162.84, 2287.4, "B", "SMD", "IO0", "", "R", 70.87, 43.31, 0, 270],
		[12, "Boot_4", 6162.84, 2043.3, "B", "SMD", "IO0", "", "R", 70.87, 43.31, 0, 270],
		[13, "BUZZER_1", 6220.47, 472.44, "T", "DIP", "+5V", "", "C", 70.87, 70.87, 39.37, 180],
		[14, "BUZZER_1", 6220.47, 472.44, "B", "DIP", "+5V", "", "C", 70.87, 70.87, 39.37, 180],
		[15, "BUZZER_2", 6062.99, 472.44, "T", "DIP", "$3N209", "", "C", 70.87, 70.87, 39.37, 180],
		[16, "BUZZER_2", 6062.99, 472.44, "B", "DIP", "$3N209", "", "C", 70.87, 70.87, 39.37, 180],
		[17, "C1_1", 4104.49, 1815, "B", "SMD", "GND", "GND", "R", 55.51, 53.15, 0, 0],
		[18, "C1_2", 4183.23, 1815, "B", "SMD", "+5V", "", "R", 55.51, 53.15, 0, 0],
		[19, "C6_1", 3845.63, 1815, "B", "SMD", "$2N3793", "", "R", 55.51, 53.15, 0, 0],
		[20, "C6_2", 3924.37, 1815, "B", "SMD", "GND", "GND", "R", 55.51, 53.15, 0, 0],
		[21, "C7_1", 3754.37, 1740, "B", "SMD", "+9V", "", "R", 55.51, 53.15, 0, 180],
		[22, "C7_2", 3675.63, 1740, "B", "SMD", "GND", "GND", "R", 55.51, 53.15, 0, 180],
		[23, "C8_1", 3754.37, 1815, "B", "SMD", "+9V", "", "R", 55.51, 53.15, 0, 180],
		[24, "C8_2", 3675.63, 1815, "B", "SMD", "GND", "GND", "R", 55.51, 53.15, 0, 180],
		[25, "C9_1", 7300, 1860.63, "B", "SMD", "GND", "GND", "R", 55.51, 53.15, 0, 90],
		[26, "C9_2", 7300, 1939.37, "B", "SMD", "+3.3V", "", "R", 55.51, 53.15, 0, 90],
		[27, "C10_1", 4275.63, 1815, "B", "SMD", "+3.3V", "", "R", 55.51, 53.15, 0, 0],
		[28, "C10_2", 4354.37, 1815, "B", "SMD", "GND", "GND", "R", 55.51, 53.15, 0, 0],
		[29, "C11_1", 3846.5, 1740, "B", "SMD", "$2N3793", "", "R", 55.51, 53.15, 0, 0],
		[30, "C11_2", 3925.24, 1740, "B", "SMD", "GND", "GND", "R", 55.51, 53.15, 0, 0],
		[31, "C12_1", 4104.49, 1740, "B", "SMD", "GND", "GND", "R", 55.51, 53.15, 0, 0],
		[32, "C12_2", 4183.23, 1740, "B", "SMD", "+5V", "", "R", 55.51, 53.15, 0, 0],
		[33, "C13_1", 4275.63, 1740, "B", "SMD", "+3.3V", "", "R", 55.51, 53.15, 0, 0],
		[34, "C13_2", 4354.37, 1740, "B", "SMD", "GND", "GND", "R", 55.51, 53.15, 0, 0],
		[35, "C14_1", 340, 1471.85, "T", "DIP", "$2N3021", "", "C", 60, 60, 35.43, 270],
		[36, "C14_1", 340, 1471.85, "B", "DIP", "$2N3021", "", "C", 60, 60, 35.43, 270],
		[37, "C14_2", 340, 1078.15, "T", "DIP", "$2N3030", "", "C", 60, 60, 35.43, 90],
		[38, "C14_2", 340, 1078.15, "B", "DIP", "$2N3030", "", "C", 60, 60, 35.43, 90],
		[39, "C15_1", 2965, 1984.21, "T", "DIP", "+9V", "", "C", 59.05, 59.05, 35.43, 270],
		[40, "C15_1", 2965, 1984.21, "B", "DIP", "+9V", "", "C", 59.05, 59.05, 35.43, 270],
		[41, "C15_2", 2965, 1885.79, "T", "DIP", "GND", "GND", "C", 59.05, 59.05, 35.43, 270],
		[42, "C15_2", 2965, 1885.79, "B", "DIP", "GND", "GND", "C", 59.05, 59.05, 35.43, 270],
		[43, "D6_1", 7485, 1473.07, "B", "SMD", "+5V", "", "R", 47.24, 37.4, 0, 90],
		[44, "D6_2", 7485, 1606.93, "B", "SMD", "VUSB", "", "R", 47.24, 37.4, 0, 90],
		[45, "D7_1", 3981.93, 1620, "B", "SMD", "+5V", "", "R", 47.24, 37.4, 0, 180],
		[46, "D7_2", 3848.07, 1620, "B", "SMD", "$2N3793", "", "R", 47.24, 37.4, 0, 180],
		[47, "D14_1", 3315, 2148.07, "B", "SMD", "VIN", "", "R", 47.24, 37.4, 0, 90],
		[48, "D14_2", 3315, 2281.93, "B", "SMD", "$2N947", "", "R", 47.24, 37.4, 0, 90],
		[49, "ESD_1", 7530.24, 1769.68, "B", "SMD", "$1N12927", "", "R", 20.95, 42.2, 0, 270],
		[50, "ESD_2", 7530.24, 1732.28, "B", "SMD", "GND", "GND", "R", 20.95, 42.2, 0, 270],
		[51, "ESD_3", 7530.24, 1694.88, "B", "SMD", "$1N12918", "", "R", 20.95, 42.2, 0, 270],
		[52, "ESD_4", 7439.76, 1694.88, "B", "SMD", "DP", "", "R", 20.95, 42.2, 0, 270],
		[53, "ESD_5", 7439.76, 1732.28, "B", "SMD", "VUSB", "", "R", 20.95, 42.2, 0, 270],
		[54, "ESD_6", 7439.76, 1769.68, "B", "SMD", "DN", "", "R", 20.95, 42.2, 0, 270],
		[55, "ESP32-S3_1", 7154.49, 2050.19, "B", "SMD", "GND", "GND", "R", 59.05, 35.43, 0, 180],
		[56, "ESP32-S3_2", 7154.49, 2000.19, "B", "SMD", "+3.3V", "", "R", 59.05, 35.43, 0, 180],
		[57, "ESP32-S3_3", 7154.49, 1950.19, "B", "SMD", "EN", "", "R", 59.05, 35.43, 0, 180],
		[58, "ESP32-S3_4", 7154.49, 1900.19, "B", "SMD", "IO4", "", "R", 59.05, 35.43, 0, 180],
		[59, "ESP32-S3_5", 7154.49, 1850.19, "B", "SMD", "IO5", "", "R", 59.05, 35.43, 0, 180],
		[60, "ESP32-S3_6", 7154.49, 1800.19, "B", "SMD", "IO6", "", "R", 59.05, 35.43, 0, 180],
		[61, "ESP32-S3_7", 7154.49, 1750.19, "B", "SMD", "IO7", "", "R", 59.05, 35.43, 0, 180],
		[62, "ESP32-S3_8", 7154.49, 1700.19, "B", "SMD", "IO15", "", "R", 59.05, 35.43, 0, 180],
		[63, "ESP32-S3_9", 7154.49, 1650.19, "B", "SMD", "IO16", "", "R", 59.05, 35.43, 0, 180],
		[64, "ESP32-S3_10", 7154.49, 1600.19, "B", "SMD", "IO17", "", "R", 59.05, 35.43, 0, 180],
		[65, "ESP32-S3_11", 7154.49, 1550.19, "B", "SMD", "IO18", "", "R", 59.05, 35.43, 0, 180],
		[66, "ESP32-S3_12", 7154.49, 1500.19, "B", "SMD", "IO8", "", "R", 59.05, 35.43, 0, 180],
		[67, "ESP32-S3_13", 7154.49, 1450.19, "B", "SMD", "DN", "", "R", 59.05, 35.43, 0, 180],
		[68, "ESP32-S3_14", 7154.49, 1400.19, "B", "SMD", "DP", "", "R", 59.05, 35.43, 0, 180],
		[69, "ESP32-S3_15", 7085, 1349.81, "B", "SMD", "ESP32-S3_15", "", "R", 59.05, 35.43, 0, 90],
		[70, "ESP32-S3_16", 7035, 1349.81, "B", "SMD", "ESP32-S3_16", "", "R", 59.05, 35.43, 0, 90],
		[71, "ESP32-S3_17", 6985, 1349.81, "B", "SMD", "IO9", "", "R", 59.05, 35.43, 0, 90],
		[72, "ESP32-S3_18", 6935, 1349.81, "B", "SMD", "LED", "", "R", 59.05, 35.43, 0, 90],
		[73, "ESP32-S3_19", 6885, 1349.81, "B", "SMD", "SDA", "", "R", 59.05, 35.43, 0, 90],
		[74, "ESP32-S3_20", 6835, 1349.81, "B", "SMD", "SCL", "", "R", 59.05, 35.43, 0, 90],
		[75, "ESP32-S3_21", 6785, 1349.81, "B", "SMD", "BLK", "", "R", 59.05, 35.43, 0, 90],
		[76, "ESP32-S3_22", 6735, 1349.81, "B", "SMD", "CS", "", "R", 59.05, 35.43, 0, 90],
		[77, "ESP32-S3_23", 6685, 1349.81, "B", "SMD", "D/C", "", "R", 59.05, 35.43, 0, 90],
		[78, "ESP32-S3_24", 6635, 1349.81, "B", "SMD", "RESET", "", "R", 59.05, 35.43, 0, 90],
		[79, "ESP32-S3_25", 6585, 1349.81, "B", "SMD", "IO48", "", "R", 59.05, 35.43, 0, 90],
		[80, "ESP32-S3_26", 6535, 1350.99, "B", "SMD", "ESP32-S3_26", "", "R", 59.05, 35.43, 0, 90],
		[81, "ESP32-S3_27", 6465.51, 1400.19, "B", "SMD", "IO0", "", "R", 59.05, 35.43, 0, 0],
		[82, "ESP32-S3_28", 6465.51, 1450.19, "B", "SMD", "IO35", "", "R", 59.05, 35.43, 0, 0],
		[83, "ESP32-S3_29", 6465.51, 1500.19, "B", "SMD", "IO36", "", "R", 59.05, 35.43, 0, 0],
		[84, "ESP32-S3_30", 6465.51, 1550.19, "B", "SMD", "IO37", "", "R", 59.05, 35.43, 0, 0],
		[85, "ESP32-S3_31", 6465.51, 1600.19, "B", "SMD", "IO38", "", "R", 59.05, 35.43, 0, 0],
		[86, "ESP32-S3_32", 6465.51, 1650.19, "B", "SMD", "IO39", "", "R", 59.05, 35.43, 0, 0],
		[87, "ESP32-S3_33", 6465.51, 1700.19, "B", "SMD", "IO40", "", "R", 59.05, 35.43, 0, 0],
		[88, "ESP32-S3_34", 6465.51, 1750.19, "B", "SMD", "IO41", "", "R", 59.05, 35.43, 0, 0],
		[89, "ESP32-S3_35", 6465.51, 1800.19, "B", "SMD", "IO42", "", "R", 59.05, 35.43, 0, 0],
		[90, "ESP32-S3_36", 6465.51, 1850.19, "B", "SMD", "RXD0", "", "R", 59.05, 35.43, 0, 0],
		[91, "ESP32-S3_37", 6465.51, 1900.19, "B", "SMD", "TXD0", "", "R", 59.05, 35.43, 0, 0],
		[92, "ESP32-S3_38", 6465.51, 1950.19, "B", "SMD", "IO2", "", "R", 59.05, 35.43, 0, 0],
		[93, "ESP32-S3_39", 6465.51, 2000.19, "B", "SMD", "IO1", "", "R", 59.05, 35.43, 0, 0],
		[94, "ESP32-S3_40", 6465.51, 2050.19, "B", "SMD", "GND", "GND", "R", 59.05, 35.43, 0, 0],
		[95, "ESP32-S3_41", 6813.94, 1691.13, "B", "SMD", "GND", "GND", "R", 35.43, 35.43, 0, 90],
		[96, "ESP32-S3_41", 6869.06, 1691.13, "B", "SMD", "GND", "GND", "R", 35.43, 35.43, 0, 90],
		[97, "ESP32-S3_41", 6924.18, 1691.13, "B", "SMD", "GND", "GND", "R", 35.43, 35.43, 0, 90],
		[98, "ESP32-S3_41", 6924.18, 1801.38, "B", "SMD", "GND", "GND", "R", 35.43, 35.43, 0, 90],
		[99, "ESP32-S3_41", 6869.06, 1801.38, "B", "SMD", "GND", "GND", "R", 35.43, 35.43, 0, 90],
		[100, "ESP32-S3_41", 6813.94, 1801.38, "B", "SMD", "GND", "GND", "R", 35.43, 35.43, 0, 90],
		[101, "ESP32-S3_41", 6813.94, 1746.25, "B", "SMD", "GND", "GND", "R", 35.43, 35.43, 0, 90],
		[102, "ESP32-S3_41", 6924.18, 1746.25, "B", "SMD", "GND", "GND", "R", 35.43, 35.43, 0, 90],
		[103, "ESP32-S3_41", 6869.06, 1746.25, "B", "SMD", "GND", "GND", "R", 35.43, 35.43, 0, 90],
		[104, "GMT028-03_1", 4074.8, 1006.1, "T", "SMD", "GND", "GND", "R", 21.26, 196.85, 0, 90],
		[105, "GMT028-03_2", 4074.8, 1045.47, "T", "SMD", "RESET", "", "R", 21.26, 196.85, 0, 90],
		[106, "GMT028-03_3", 4074.8, 1084.84, "T", "SMD", "SCL", "", "R", 21.26, 196.85, 0, 90],
		[107, "GMT028-03_4", 4074.8, 1124.21, "T", "SMD", "CS", "", "R", 21.26, 196.85, 0, 90],
		[108, "GMT028-03_5", 4074.8, 1163.58, "T", "SMD", "D/C", "", "R", 21.26, 196.85, 0, 90],
		[109, "GMT028-03_6", 4074.8, 1202.95, "T", "SMD", "SDA", "", "R", 21.26, 196.85, 0, 90],
		[110, "GMT028-03_7", 4074.8, 1242.32, "T", "SMD", "GMT028-03_7", "", "R", 21.26, 196.85, 0, 90],
		[111, "GMT028-03_8", 4074.8, 1281.69, "T", "SMD", "+3.3V", "", "R", 21.26, 196.85, 0, 90],
		[112, "GMT028-03_9", 4074.8, 1321.06, "T", "SMD", "+3.3V", "", "R", 21.26, 196.85, 0, 90],
		[113, "GMT028-03_10", 4074.8, 1360.43, "T", "SMD", "$3N5792", "", "R", 21.26, 196.85, 0, 90],
		[114, "K1_1", 985, 280, "T", "DIP", "$3N7111", "", "C", 70.87, 70.87, 47.24, 180],
		[115, "K1_1", 985, 280, "B", "DIP", "$3N7111", "", "C", 70.87, 70.87, 47.24, 180],
		[116, "K1_2", 1285, 280, "T", "DIP", "$3N7114", "", "C", 70.87, 70.87, 47.24, 180],
		[117, "K1_2", 1285, 280, "B", "DIP", "$3N7114", "", "C", 70.87, 70.87, 47.24, 180],
		[118, "K1_3", 1685, 280, "T", "DIP", "$3N7100", "", "C", 70.87, 70.87, 47.24, 180],
		[119, "K1_3", 1685, 280, "B", "DIP", "$3N7100", "", "C", 70.87, 70.87, 47.24, 180],
		[120, "K1_4", 1785, 280, "T", "DIP", "$3N7109", "", "C", 70.87, 70.87, 47.24, 180],
		[121, "K1_4", 1785, 280, "B", "DIP", "$3N7109", "", "C", 70.87, 70.87, 47.24, 180],
		[122, "LED_1", 6825, 1161.35, "B", "SMD", "LED", "", "R", 39.37, 55.1, 0, 270],
		[123, "LED_2", 6825, 1078.65, "B", "SMD", "$1N10896", "", "R", 39.37, 55.1, 0, 270],
		[124, "Menu_1", 4872.05, 1279.53, "T", "DIP", "IO38", "", "C", 60, 60, 36, 0],
		[125, "Menu_1", 4872.05, 1279.53, "B", "DIP", "IO38", "", "C", 60, 60, 36, 0],
		[126, "Menu_2", 4872.05, 1082.68, "T", "DIP", "GND", "GND", "C", 60, 60, 36, 0],
		[127, "Menu_2", 4872.05, 1082.68, "B", "DIP", "GND", "GND", "C", 60, 60, 36, 0],
		[128, "Menu_3", 5364.17, 1082.68, "T", "DIP", "GND", "GND", "C", 60, 60, 36, 0],
		[129, "Menu_3", 5364.17, 1082.68, "B", "DIP", "GND", "GND", "C", 60, 60, 36, 0],
		[130, "Menu_4", 5364.17, 1279.53, "T", "DIP", "IO38", "", "C", 60, 60, 36, 0],
		[131, "Menu_4", 5364.17, 1279.53, "B", "DIP", "IO38", "", "C", 60, 60, 36, 0],
		[132, "Menu_5", 5541.34, 1427.17, "T", "DIP", "IO37", "", "C", 60, 60, 36, 0],
		[133, "Menu_5", 5541.34, 1427.17, "B", "DIP", "IO37", "", "C", 60, 60, 36, 0],
		[134, "Menu_6", 5738.19, 1427.17, "T", "DIP", "GND", "GND", "C", 60, 60, 36, 0],
		[135, "Menu_6", 5738.19, 1427.17, "B", "DIP", "GND", "GND", "C", 60, 60, 36, 0],
		[136, "Menu_7", 5738.19, 935.04, "T", "DIP", "GND", "GND", "C", 60, 60, 36, 0],
		[137, "Menu_7", 5738.19, 935.04, "B", "DIP", "GND", "GND", "C", 60, 60, 36, 0],
		[138, "Menu_8", 5541.34, 935.04, "T", "DIP", "IO37", "", "C", 60, 60, 36, 0],
		[139, "Menu_8", 5541.34, 935.04, "B", "DIP", "IO37", "", "C", 60, 60, 36, 0],
		[140, "Menu_9", 5364.17, 757.87, "T", "DIP", "IO36", "", "C", 60, 60, 36, 0],
		[141, "Menu_9", 5364.17, 757.87, "B", "DIP", "IO36", "", "C", 60, 60, 36, 0],
		[142, "Menu_10", 5364.17, 561.02, "T", "DIP", "GND", "GND", "C", 60, 60, 36, 0],
		[143, "Menu_10", 5364.17, 561.02, "B", "DIP", "GND", "GND", "C", 60, 60, 36, 0],
		[144, "Menu_11", 4872.05, 561.02, "T", "DIP", "GND", "GND", "C", 60, 60, 36, 0],
		[145, "Menu_11", 4872.05, 561.02, "B", "DIP", "GND", "GND", "C", 60, 60, 36, 0],
		[146, "Menu_12", 4872.05, 757.87, "T", "DIP", "IO36", "", "C", 60, 60, 36, 0],
		[147, "Menu_12", 4872.05, 757.87, "B", "DIP", "IO36", "", "C", 60, 60, 36, 0],
		[148, "Menu_13", 4694.88, 935.04, "T", "DIP", "IO39", "", "C", 60, 60, 36, 0],
		[149, "Menu_13", 4694.88, 935.04, "B", "DIP", "IO39", "", "C", 60, 60, 36, 0],
		[150, "Menu_14", 4498.03, 935.04, "T", "DIP", "GND", "GND", "C", 60, 60, 36, 0],
		[151, "Menu_14", 4498.03, 935.04, "B", "DIP", "GND", "GND", "C", 60, 60, 36, 0],
		[152, "Menu_15", 4498.03, 1427.17, "T", "DIP", "GND", "GND", "C", 60, 60, 36, 0],
		[153, "Menu_15", 4498.03, 1427.17, "B", "DIP", "GND", "GND", "C", 60, 60, 36, 0],
		[154, "Menu_16", 4694.88, 1427.17, "T", "DIP", "IO39", "", "C", 60, 60, 36, 0],
		[155, "Menu_16", 4694.88, 1427.17, "B", "DIP", "IO39", "", "C", 60, 60, 36, 0],
		[156, "Menu_17", 4872.05, 1801.18, "T", "DIP", "IO40", "", "C", 60, 60, 36, 0],
		[157, "Menu_17", 4872.05, 1801.18, "B", "DIP", "IO40", "", "C", 60, 60, 36, 0],
		[158, "Menu_18", 4872.05, 1604.33, "T", "DIP", "GND", "GND", "C", 60, 60, 36, 0],
		[159, "Menu_18", 4872.05, 1604.33, "B", "DIP", "GND", "GND", "C", 60, 60, 36, 0],
		[160, "Menu_19", 5364.17, 1604.33, "T", "DIP", "GND", "GND", "C", 60, 60, 36, 0],
		[161, "Menu_19", 5364.17, 1604.33, "B", "DIP", "GND", "GND", "C", 60, 60, 36, 0],
		[162, "Menu_20", 5364.17, 1801.18, "T", "DIP", "IO40", "", "C", 60, 60, 36, 0],
		[163, "Menu_20", 5364.17, 1801.18, "B", "DIP", "IO40", "", "C", 60, 60, 36, 0],
		[164, "NTC_1", 7705, 1154.37, "T", "DIP", "IO5", "", "C", 62.99, 62.99, 35.43, 270],
		[165, "NTC_1", 7705, 1154.37, "B", "DIP", "IO5", "", "C", 62.99, 62.99, 35.43, 270],
		[166, "NTC_2", 7705, 1075.63, "T", "DIP", "+3.3V", "", "C", 62.99, 62.99, 35.43, 270],
		[167, "NTC_2", 7705, 1075.63, "B", "DIP", "+3.3V", "", "C", 62.99, 62.99, 35.43, 270],
		[168, "PJ1_1", 7689.33, 720, "T", "DIP", "PJ1_1", "", "C", 78.74, 78.74, 51.18, 180],
		[169, "PJ1_1", 7689.33, 720, "B", "DIP", "PJ1_1", "", "C", 78.74, 78.74, 51.18, 180],
		[170, "PJ1_2", 7480.67, 916.85, "T", "DIP", "+3.3V", "", "C", 78.74, 78.74, 51.18, 180],
		[171, "PJ1_2", 7480.67, 916.85, "B", "DIP", "+3.3V", "", "C", 78.74, 78.74, 51.18, 180],
		[172, "PJ1_3", 7480.67, 818.42, "T", "DIP", "PJ1_3", "", "C", 78.74, 78.74, 51.18, 180],
		[173, "PJ1_3", 7480.67, 818.42, "B", "DIP", "PJ1_3", "", "C", 78.74, 78.74, 51.18, 180],
		[174, "PJ1_4", 7480.67, 621.57, "T", "DIP", "PJ1_4", "", "C", 78.74, 78.74, 51.18, 180],
		[175, "PJ1_4", 7480.67, 621.57, "B", "DIP", "PJ1_4", "", "C", 78.74, 78.74, 51.18, 180],
		[176, "PJ1_5", 7480.67, 523.15, "T", "DIP", "IO6", "", "C", 78.74, 78.74, 51.18, 180],
		[177, "PJ1_5", 7480.67, 523.15, "B", "DIP", "IO6", "", "C", 78.74, 78.74, 51.18, 180],
		[178, "PW_1", 6995, 1161.35, "B", "SMD", "+3.3V", "", "R", 39.37, 55.1, 0, 270],
		[179, "PW_2", 6995, 1078.65, "B", "SMD", "$1N10893", "", "R", 39.37, 55.1, 0, 270],
		[180, "Q1_1", 6127.6, 814.37, "B", "SMD", "$3N215", "", "R", 49.21, 27.56, 0, 90],
		[181, "Q1_2", 6202.4, 814.37, "B", "SMD", "GND", "GND", "R", 49.21, 27.56, 0, 90],
		[182, "Q1_3", 6165, 735.63, "B", "SMD", "$3N209", "", "R", 49.21, 27.56, 0, 90],
		[183, "R1_1", 7608.14, 1481.06, "B", "SMD", "GND", "GND", "R", 31.75, 34.02, 0, 0],
		[184, "R1_2", 7667.46, 1481.06, "B", "SMD", "$1N10843", "", "R", 31.75, 34.02, 0, 0],
		[185, "R2_1", 7608.14, 1975, "B", "SMD", "GND", "GND", "R", 31.75, 34.02, 0, 0],
		[186, "R2_2", 7667.46, 1975, "B", "SMD", "$1N10844", "", "R", 31.75, 34.02, 0, 0],
		[187, "R3_1", 7390, 1880.34, "B", "SMD", "EN", "", "R", 31.75, 34.02, 0, 90],
		[188, "R3_2", 7390, 1939.66, "B", "SMD", "+3.3V", "", "R", 31.75, 34.02, 0, 90],
		[189, "R4_1", 6125.63, 900, "B", "SMD", "$3N215", "", "R", 44.59, 54.21, 0, 0],
		[190, "R4_2", 6204.37, 900, "B", "SMD", "IO35", "", "R", 44.59, 54.21, 0, 0],
		[191, "R5_1", 7470.63, 1155, "B", "SMD", "GND", "GND", "R", 44.59, 54.21, 0, 0],
		[192, "R5_2", 7549.37, 1155, "B", "SMD", "IO5", "", "R", 44.59, 54.21, 0, 0],
		[193, "R6_1", 7399.88, 390, "B", "SMD", "GND", "GND", "R", 44.59, 54.21, 0, 0],
		[194, "R6_2", 7478.62, 390, "B", "SMD", "IO6", "", "R", 44.59, 54.21, 0, 0],
		[195, "R7_1", 3934.66, 710, "B", "SMD", "BLK", "", "R", 31.75, 34.02, 0, 180],
		[196, "R7_2", 3875.34, 710, "B", "SMD", "GND", "GND", "R", 31.75, 34.02, 0, 180],
		[197, "R10_1", 6709.88, 137.99, "B", "SMD", "+5V", "", "R", 44.59, 54.21, 0, 90],
		[198, "R10_2", 6709.88, 216.73, "B", "SMD", "IO15", "", "R", 44.59, 54.21, 0, 90],
		[199, "R11_1", 6910, 135.63, "B", "SMD", "+5V", "", "R", 44.59, 54.21, 0, 90],
		[200, "R11_2", 6910, 214.37, "B", "SMD", "IO7", "", "R", 44.59, 54.21, 0, 90],
		[201, "R18_1", 7085, 1075.34, "B", "SMD", "$1N10893", "", "R", 31.75, 34.02, 0, 90],
		[202, "R18_2", 7085, 1134.66, "B", "SMD", "GND", "GND", "R", 31.75, 34.02, 0, 90],
		[203, "R19_1", 6730, 1075.34, "B", "SMD", "$1N10896", "", "R", 31.75, 34.02, 0, 90],
		[204, "R19_2", 6730, 1134.66, "B", "SMD", "GND", "GND", "R", 31.75, 34.02, 0, 90],
		[205, "R20_1", 1488.19, 885.83, "T", "DIP", "$2N3021", "", "C", 78.74, 78.74, 55.12, 0],
		[206, "R20_1", 1488.19, 885.83, "B", "DIP", "$2N3021", "", "C", 78.74, 78.74, 55.12, 0],
		[207, "R20_2", 1188.97, 610.24, "T", "DIP", "$2N3030", "", "C", 78.74, 78.74, 55.12, 0],
		[208, "R20_2", 1188.97, 610.24, "B", "DIP", "$2N3030", "", "C", 78.74, 78.74, 55.12, 0],
		[209, "R21_1", 3315, 2015.63, "B", "SMD", "+9V", "", "R", 44.59, 78.74, 0, 90],
		[210, "R21_2", 3315, 2094.37, "B", "SMD", "VIN", "", "R", 78.74, 78.74, 0, 90],
		[211, "R23_1", 1920.63, 130, "B", "SMD", "$3N7100", "", "R", 44.59, 54.21, 0, 0],
		[212, "R23_2", 1999.37, 130, "B", "SMD", "+5V", "", "R", 44.59, 54.21, 0, 0],
		[213, "R24_1", 2435, 399.66, "B", "SMD", "IO41", "", "R", 31.75, 34.02, 0, 270],
		[214, "R24_2", 2435, 340.34, "B", "SMD", "GND", "GND", "R", 31.75, 34.02, 0, 270],
		[215, "RE_6", 7027.56, 600.4, "T", "DIP", "GND", "GND", "O", 157.48, 90.55, 118.11, 90],
		[216, "RE_6", 7027.56, 600.4, "B", "DIP", "GND", "GND", "O", 157.48, 90.55, 118.11, 90],
		[217, "RE_7", 6594.49, 600.4, "T", "DIP", "GND", "GND", "O", 157.48, 90.55, 118.11, 90],
		[218, "RE_7", 6594.49, 600.4, "B", "DIP", "GND", "GND", "O", 157.48, 90.55, 118.11, 90],
		[219, "RE_A", 6711.02, 305.12, "T", "DIP", "IO15", "", "C", 70.87, 70.87, 51.18, 0],
		[220, "RE_A", 6711.02, 305.12, "B", "DIP", "IO15", "", "C", 70.87, 70.87, 51.18, 0],
		[221, "RE_B", 6911.02, 305.12, "T", "DIP", "IO7", "", "C", 70.87, 70.87, 51.18, 0],
		[222, "RE_B", 6911.02, 305.12, "B", "DIP", "IO7", "", "C", 70.87, 70.87, 51.18, 0],
		[223, "RE_C", 6811.02, 305.12, "T", "DIP", "GND", "GND", "C", 70.87, 70.87, 51.18, 0],
		[224, "RE_C", 6811.02, 305.12, "B", "DIP", "GND", "GND", "C", 70.87, 70.87, 51.18, 0],
		[225, "RE_D", 6711.02, 875.99, "T", "DIP", "IO48", "", "C", 70.87, 70.87, 51.18, 0],
		[226, "RE_D", 6711.02, 875.99, "B", "DIP", "IO48", "", "C", 70.87, 70.87, 51.18, 0],
		[227, "RE_E", 6911.02, 875.99, "T", "DIP", "GND", "GND", "C", 70.87, 70.87, 51.18, 0],
		[228, "RE_E", 6911.02, 875.99, "B", "DIP", "GND", "GND", "C", 70.87, 70.87, 51.18, 0],
		[229, "Reset_1", 7287.16, 2287.4, "B", "SMD", "GND", "GND", "R", 70.87, 43.31, 0, 270],
		[230, "Reset_2", 7287.16, 2043.3, "B", "SMD", "GND", "GND", "R", 70.87, 43.31, 0, 270],
		[231, "Reset_3", 7432.84, 2287.4, "B", "SMD", "EN", "", "R", 70.87, 43.31, 0, 270],
		[232, "Reset_4", 7432.84, 2043.3, "B", "SMD", "EN", "", "R", 70.87, 43.31, 0, 270],
		[233, "SCREW1_1", 115.61, 120.61, "T", "DIP", "SCREW1_1", "", "C", 126, 126, 126, 0],
		[234, "SCREW1_1", 115.61, 120.61, "B", "DIP", "SCREW1_1", "", "C", 126, 126, 126, 0],
		[235, "SCREW2_1", 115.61, 2246.59, "T", "DIP", "SCREW2_1", "", "C", 126, 126, 126, 0],
		[236, "SCREW2_1", 115.61, 2246.59, "B", "DIP", "SCREW2_1", "", "C", 126, 126, 126, 0],
		[237, "SCREW3_1", 7753.41, 120.61, "T", "DIP", "SCREW3_1", "", "C", 126, 126, 126, 0],
		[238, "SCREW3_1", 7753.41, 120.61, "B", "DIP", "SCREW3_1", "", "C", 126, 126, 126, 0],
		[239, "SCREW4_1", 7753.41, 2246.59, "T", "DIP", "SCREW4_1", "", "C", 126, 126, 126, 0],
		[240, "SCREW4_1", 7753.41, 2246.59, "B", "DIP", "SCREW4_1", "", "C", 126, 126, 126, 0],
		[241, "SSR_1", 2000, 369.37, "T", "DIP", "$3N7109", "", "C", 62.99, 62.99, 35.43, 270],
		[242, "SSR_1", 2000, 369.37, "B", "DIP", "$3N7109", "", "C", 62.99, 62.99, 35.43, 270],
		[243, "SSR_2", 2000, 290.63, "T", "DIP", "+5V", "", "C", 62.99, 62.99, 35.43, 270],
		[244, "SSR_2", 2000, 290.63, "B", "DIP", "+5V", "", "C", 62.99, 62.99, 35.43, 270],
		[245, "T1_1", 3942.4, 805.63, "B", "SMD", "BLK", "", "R", 49.21, 27.56, 0, 270],
		[246, "T1_2", 3867.6, 805.63, "B", "SMD", "GND", "GND", "R", 49.21, 27.56, 0, 270],
		[247, "T1_3", 3905, 884.37, "B", "SMD", "$3N5792", "", "R", 49.21, 27.56, 0, 270],
		[248, "T2_1", 2324.37, 407.4, "B", "SMD", "IO41", "", "R", 49.21, 27.56, 0, 0],
		[249, "T2_2", 2324.37, 332.6, "B", "SMD", "GND", "GND", "R", 49.21, 27.56, 0, 0],
		[250, "T2_3", 2245.63, 370, "B", "SMD", "$3N7109", "", "R", 49.21, 27.56, 0, 0],
		[251, "U3_1", 611.22, 1467.83, "T", "DIP", "$2N3030", "", "C", 78.74, 78.74, 36, 0],
		[252, "U3_1", 611.22, 1467.83, "B", "DIP", "$2N3030", "", "C", 78.74, 78.74, 36, 0],
		[253, "U3_2", 611.22, 1822.17, "T", "DIP", "$2N3021", "", "C", 78.74, 78.74, 36, 0],
		[254, "U3_2", 611.22, 1822.17, "B", "DIP", "$2N3021", "", "C", 78.74, 78.74, 36, 0],
		[255, "U3_3", 2619.09, 1113.5, "T", "DIP", "GND", "GND", "C", 78.74, 78.74, 36, 0],
		[256, "U3_3", 2619.09, 1113.5, "B", "DIP", "GND", "GND", "C", 78.74, 78.74, 36, 0],
		[257, "U3_4", 2619.09, 2176.5, "T", "DIP", "+9V", "", "C", 78.74, 78.74, 36, 0],
		[258, "U3_4", 2619.09, 2176.5, "B", "DIP", "+9V", "", "C", 78.74, 78.74, 36, 0],
		[259, "U3_5", 788.39, 1491.46, "T", "DIP", "$2N3030", "", "C", 78.74, 78.74, 36, 0],
		[260, "U3_5", 788.39, 1491.46, "B", "DIP", "$2N3030", "", "C", 78.74, 78.74, 36, 0],
		[261, "U3_6", 788.39, 1798.54, "T", "DIP", "$2N3021", "", "C", 78.74, 78.74, 36, 0],
		[262, "U3_6", 788.39, 1798.54, "B", "DIP", "$2N3021", "", "C", 78.74, 78.74, 36, 0],
		[263, "U3_7", 2461.61, 1196.18, "T", "DIP", "GND", "GND", "C", 78.74, 78.74, 36, 0],
		[264, "U3_7", 2461.61, 1196.18, "B", "DIP", "GND", "GND", "C", 78.74, 78.74, 36, 0],
		[265, "U3_8", 2461.61, 2093.82, "T", "DIP", "+9V", "", "C", 78.74, 78.74, 36, 0],
		[266, "U3_8", 2461.61, 2093.82, "B", "DIP", "+9V", "", "C", 78.74, 78.74, 36, 0],
		[267, "U4_1", 132.99, 748.03, "T", "DIP", "$2N3230", "", "C", 60, 60, 36, 0],
		[268, "U4_1", 132.99, 748.03, "B", "DIP", "$2N3230", "", "C", 60, 60, 36, 0],
		[269, "U4_2", 1007.01, 748.03, "T", "DIP", "$2N3030", "", "C", 60, 60, 36, 0],
		[270, "U4_2", 1007.01, 748.03, "B", "DIP", "$2N3030", "", "C", 60, 60, 36, 0],
		[271, "U7_1", 236.22, 1673.23, "T", "DIP", "$2N3021", "", "C", 90.55, 90.55, 59.06, 90],
		[272, "U7_1", 236.22, 1673.23, "B", "DIP", "$2N3021", "", "C", 90.55, 90.55, 59.06, 90],
		[273, "U7_2", 236.22, 1870.08, "T", "DIP", "$2N3230", "", "C", 90.55, 90.55, 59.06, 90],
		[274, "U7_2", 236.22, 1870.08, "B", "DIP", "$2N3230", "", "C", 90.55, 90.55, 59.06, 90],
		[275, "U8_1", 698.42, 240, "T", "DIP", "$3N7111", "", "C", 90.55, 90.55, 59.06, 180],
		[276, "U8_1", 698.42, 240, "B", "DIP", "$3N7111", "", "C", 90.55, 90.55, 59.06, 180],
		[277, "U8_2", 501.57, 240, "T", "DIP", "$3N7114", "", "C", 90.55, 90.55, 59.06, 180],
		[278, "U8_2", 501.57, 240, "B", "DIP", "$3N7114", "", "C", 90.55, 90.55, 59.06, 180],
		[279, "USB_1", 7636.49, 1858.27, "B", "SMD", "GND", "GND", "R", 21.65, 43.31, 0, 270],
		[280, "USB_2", 7636.49, 1826.77, "B", "SMD", "VUSB", "", "R", 21.65, 43.31, 0, 270],
		[281, "USB_3", 7636.49, 1801.18, "B", "SMD", "USB_3", "", "R", 11.81, 43.31, 0, 270],
		[282, "USB_4", 7636.49, 1781.49, "B", "SMD", "$1N10844", "", "R", 11.81, 43.31, 0, 270],
		[283, "USB_5", 7636.49, 1761.81, "B", "SMD", "$1N12927", "", "R", 11.81, 43.31, 0, 270],
		[284, "USB_6", 7636.49, 1742.13, "B", "SMD", "$1N12918", "", "R", 11.81, 43.31, 0, 270],
		[285, "USB_7", 7636.49, 1722.44, "B", "SMD", "$1N12927", "", "R", 11.81, 43.31, 0, 270],
		[286, "USB_8", 7636.49, 1702.76, "B", "SMD", "$1N12918", "", "R", 11.81, 43.31, 0, 270],
		[287, "USB_9", 7636.49, 1683.07, "B", "SMD", "USB_9", "", "R", 11.81, 43.31, 0, 270],
		[288, "USB_10", 7636.49, 1663.38, "B", "SMD", "$1N10843", "", "R", 11.81, 43.31, 0, 270],
		[289, "USB_11", 7636.49, 1637.79, "B", "SMD", "VUSB", "", "R", 21.65, 43.31, 0, 270],
		[290, "USB_12", 7636.49, 1606.3, "B", "SMD", "GND", "GND", "R", 21.65, 43.31, 0, 270],
		[291, "USB_13", 7658.14, 1902.56, "T", "DIP", "GND", "GND", "O", 43.31, 78.74, 59.05, 270],
		[292, "USB_13", 7658.14, 1902.56, "B", "DIP", "GND", "GND", "O", 43.31, 78.74, 59.05, 270],
		[293, "USB_13", 7823.51, 1902.56, "T", "DIP", "GND", "GND", "O", 47.24, 70.87, 47.24, 270],
		[294, "USB_13", 7823.51, 1902.56, "B", "DIP", "GND", "GND", "O", 47.24, 70.87, 47.24, 270],
		[295, "USB_14", 7658.14, 1562.01, "T", "DIP", "GND", "GND", "O", 43.31, 78.74, 59.06, 270],
		[296, "USB_14", 7658.14, 1562.01, "B", "DIP", "GND", "GND", "O", 43.31, 78.74, 59.06, 270],
		[297, "USB_14", 7823.51, 1562.01, "T", "DIP", "GND", "GND", "O", 47.24, 70.87, 47.24, 270],
		[298, "USB_14", 7823.51, 1562.01, "B", "DIP", "GND", "GND", "O", 47.24, 70.87, 47.24, 270],
		[299, "VIN_1", 3544.37, 2280, "T", "DIP", "GND", "GND", "C", 62.99, 62.99, 35.43, 180],
		[300, "VIN_1", 3544.37, 2280, "B", "DIP", "GND", "GND", "C", 62.99, 62.99, 35.43, 180],
		[301, "VIN_2", 3465.63, 2280, "T", "DIP", "$2N947", "", "C", 62.99, 62.99, 35.43, 180],
		[302, "VIN_2", 3465.63, 2280, "B", "DIP", "$2N947", "", "C", 62.99, 62.99, 35.43, 180],
		[303, "PAD1_1", 6990, 1270, "T", "DIP", "IO9", "", "C", 60, 60, 36, 0],
		[304, "PAD1_1", 6990, 1270, "B", "DIP", "IO9", "", "C", 60, 60, 36, 0],
		[305, "PAD2_1", 7225, 1900, "T", "DIP", "IO4", "", "C", 60, 60, 36, 0],
		[306, "PAD2_1", 7225, 1900, "B", "DIP", "IO4", "", "C", 60, 60, 36, 0],
		[307, "PAD3_1", 6390, 1800, "T", "DIP", "IO42", "", "C", 60, 60, 36, 0],
		[308, "PAD3_1", 6390, 1800, "B", "DIP", "IO42", "", "C", 60, 60, 36, 0],
		[309, "PAD4_1", 6320, 1845, "T", "DIP", "RXD0", "", "C", 60, 60, 36, 0],
		[310, "PAD4_1", 6320, 1845, "B", "DIP", "RXD0", "", "C", 60, 60, 36, 0],
		[311, "PAD5_2", 6320, 1920, "T", "DIP", "TXD0", "", "C", 60, 60, 36, 0],
		[312, "PAD5_2", 6320, 1920, "B", "DIP", "TXD0", "", "C", 60, 60, 36, 0],
		[313, "PAD6_3", 6390, 1950, "T", "DIP", "IO2", "", "C", 60, 60, 36, 0],
		[314, "PAD6_3", 6390, 1950, "B", "DIP", "IO2", "", "C", 60, 60, 36, 0],
		[315, "PAD7_4", 6390, 2025, "T", "DIP", "IO1", "", "C", 60, 60, 36, 0],
		[316, "PAD7_4", 6390, 2025, "B", "DIP", "IO1", "", "C", 60, 60, 36, 0],
		[317, "PAD8_1", 6355, 1104.88, "T", "DIP", "IO35", "", "C", 60, 60, 36, 0],
		[318, "PAD8_1", 6355, 1104.88, "B", "DIP", "IO35", "", "C", 60, 60, 36, 0],
		[319, "PAD9_1", 3065, 400, "T", "DIP", "IO41", "", "C", 60, 60, 36, 0],
		[320, "PAD9_1", 3065, 400, "B", "DIP", "IO41", "", "C", 60, 60, 36, 0]
	]
}
}